FarmID,Target
85197,Pests
779677,Stressed
1331840,Healthy
483053,Healthy
542945,Healthy
924784,Pests
544841,Healthy
1306157,Stressed
525329,Healthy
592789,Pests
1326689,Healthy
1326699,Healthy
1331844,Healthy
1326700,Diseased
1326701,Diseased
1326710,Healthy
1326711,Healthy
1326712,Healthy
1326713,Healthy
784737,Healthy
1331845,Healthy
1326723,Diseased
1326724,Healthy
1326725,Healthy
1326726,Diseased
1326727,Diseased
1326728,Healthy
1331846,Healthy
1326734,Healthy
1331847,Healthy
1326735,Diseased
1326736,Healthy
1326737,Healthy
1326738,Healthy
1326739,Healthy
1326741,Healthy
1326752,Healthy
390522,Healthy
1326756,Healthy
1326757,Healthy
1326758,Healthy
1326759,Diseased
1326760,Healthy
1326761,Healthy
1326762,Healthy
1326765,Diseased
1326766,Healthy
1326767,Healthy
1326768,Diseased
1331849,Diseased
1326769,Healthy
1326770,Diseased
1326772,Diseased
1326777,Healthy
1326778,Diseased
1326779,Diseased
1331850,Diseased
1326780,Diseased
1326781,Healthy
1326782,Diseased
1326783,Diseased
1326784,Healthy
1326785,Diseased
1326789,Healthy
1331851,Healthy
1326790,Diseased
1326791,Diseased
1326792,Diseased
1326793,Healthy
1326794,Diseased
1326799,Healthy
1326800,Healthy
1326801,Diseased
1326802,Healthy
1331852,Healthy
1326803,Healthy
1326804,Diseased
1326805,Diseased
1326806,Healthy
1326807,Diseased
1326808,Diseased
1326809,Healthy
1331853,Diseased
1326810,Diseased
1326811,Healthy
1326812,Diseased
1326813,Diseased
1331854,Diseased
1326856,Diseased
1326857,Pests
1326858,Healthy
1326859,Stressed
1326860,Diseased
1326861,Healthy
1326862,Diseased
1326863,Stressed
1326864,Healthy
1326885,Healthy
1326886,Healthy
1326887,Stressed
1326888,Stressed
1326889,Healthy
1326890,Stressed
1326908,Stressed
1326920,Stressed
1326921,Pests
1326938,Diseased
1326939,Diseased
1326940,Healthy
1326941,Pests
1331862,Pests
1327007,Healthy
1327008,Stressed
106862,Diseased
1327010,Pests
265391,Healthy
1327012,Stressed
1327013,Pests
1327014,Healthy
1331864,Stressed
1327015,Healthy
1327040,Pests
1327041,Stressed
1327042,Diseased
1327043,Diseased
1327044,Stressed
162166,Healthy
1327046,Healthy
91718,Pests
1327048,Stressed
1327049,Stressed
1327050,Healthy
1327051,Healthy
1327196,Healthy
1327197,Stressed
1327198,Stressed
1327199,Stressed
1327200,Stressed
1327201,Stressed
1327294,Healthy
1327295,Healthy
1327296,Healthy
1327297,Healthy
1327298,Healthy
1327299,Healthy
1327300,Healthy
1327301,Healthy
1327302,Pests
472943,Healthy
1327304,Healthy
1327305,Healthy
1327306,Healthy
1327307,Healthy
1327308,Healthy
1327309,Healthy
1327310,Healthy
1331881,Healthy
1327311,Healthy
1327312,Healthy
1327313,Healthy
1327314,Healthy
1327320,Pests
1327321,Healthy
1327322,Healthy
1327455,Healthy
1327456,Healthy
1327457,Healthy
1327458,Healthy
1331890,Healthy
1327466,Healthy
1327473,Healthy
1327475,Healthy
1327476,Healthy
1327477,Healthy
1327478,Healthy
1331892,Healthy
1327479,Healthy
1327489,Healthy
1327490,Healthy
1327491,Healthy
1327492,Healthy
1331894,Healthy
1327493,Diseased
391244,Pests
1327535,Healthy
1327558,Healthy
1327559,Stressed
1327561,Diseased
1327562,Healthy
1327563,Healthy
1327564,Healthy
1327565,Stressed
1327566,Healthy
1327579,Stressed
1327580,Healthy
1331898,Diseased
1327581,Diseased
1327582,Stressed
1327583,Diseased
1327584,Stressed
1327585,Diseased
1327586,Healthy
1327587,Healthy
1327588,Healthy
1327589,Healthy
1327590,Diseased
384359,Diseased
1327592,Diseased
1327593,Stressed
584695,Stressed
1327595,Stressed
1327596,Diseased
1327597,Healthy
1327598,Healthy
1327599,Healthy
1327600,Diseased
1327750,Stressed
1327751,Stressed
1327752,Diseased
1327753,Healthy
1327754,Healthy
1327927,Stressed
1327928,Healthy
1327929,Stressed
1331927,Diseased
1327930,Diseased
1327931,Diseased
1327932,Diseased
1327933,Diseased
1327934,Stressed
1327935,Healthy
1327936,Healthy
1327937,Diseased
1327938,Healthy
1327939,Diseased
1327940,Diseased
1327941,Diseased
1327942,Healthy
1327943,Healthy
1327944,Stressed
1327945,Diseased
1328085,Healthy
1328094,Healthy
1328095,Healthy
1328096,Diseased
1328097,Diseased
1328098,Diseased
830675,Diseased
1328100,Diseased
1328101,Healthy
1328102,Pests
1328103,Diseased
1328104,Diseased
1328136,Pests
1331938,Diseased
1331941,Pests
1328180,Healthy
1328181,Pests
1328182,Diseased
1328183,Diseased
1328184,Pests
1328185,Diseased
1328186,Pests
1328187,Diseased
1328188,Healthy
1328189,Diseased
1328190,Healthy
1328191,Diseased
1328192,Diseased
1328193,Pests
1328194,Diseased
672220,Pests
1328196,Diseased
1328197,Diseased
1328198,Healthy
1328199,Healthy
1328200,Healthy
1328201,Healthy
1328202,Diseased
1328203,Diseased
1328204,Diseased
1328331,Healthy
1328332,Diseased
1328333,Pests
1328334,Pests
1328335,Healthy
1328336,Diseased
1328337,Healthy
1328338,Diseased
1328339,Pests
1328340,Diseased
1328341,Healthy
1328342,Diseased
1331949,Pests
1328343,Diseased
1328344,Pests
1328345,Diseased
1328346,Diseased
1328347,Diseased
1328348,Healthy
1328349,Pests
1328350,Healthy
1331950,Healthy
1328354,Healthy
1328355,Healthy
1328356,Diseased
1328357,Diseased
47182,Diseased
1328358,Diseased
1328359,Healthy
1328360,Healthy
1328362,Healthy
1328364,Healthy
1328365,Pests
1328366,Diseased
1328367,Diseased
1331952,Healthy
1328381,Diseased
1328382,Healthy
1328383,Diseased
1328410,Pests
1328411,Diseased
1328412,Diseased
1328416,Pests
1328442,Pests
1328443,Diseased
1328444,Healthy
1328445,Diseased
1328446,Diseased
1328455,Healthy
1328456,Healthy
1328457,Diseased
1328458,Stressed
1331957,Stressed
1328459,Stressed
1331958,Diseased
1328460,Diseased
1328461,Pests
1331959,Stressed
1328464,Healthy
1328474,Healthy
1328475,Diseased
1328476,Diseased
1331961,Stressed
1328477,Healthy
1328490,Stressed
1328491,Diseased
1328492,Diseased
1328493,Diseased
1328494,Diseased
1328496,Stressed
1328497,Diseased
1328502,Stressed
1328537,Diseased
1328538,Diseased
1328539,Diseased
1328540,Diseased
1328541,Stressed
1328542,Stressed
1328543,Healthy
1328544,Stressed
1328545,Diseased
1328546,Healthy
1328547,Healthy
1328548,Diseased
1328558,Diseased
1328559,Diseased
1328560,Diseased
213855,Diseased
1328562,Diseased
1328568,Healthy
1328569,Diseased
688070,Diseased
16877,Healthy
1328579,Stressed
1328580,Diseased
1328583,Stressed
1328584,Healthy
1328585,Diseased
1328586,Diseased
1328590,Stressed
1328591,Stressed
1331965,Diseased
1328598,Pests
1328600,Healthy
1328601,Diseased
1328626,Pests
1328627,Stressed
1328628,Healthy
1328631,Diseased
1328632,Diseased
1328633,Diseased
1328634,Diseased
1328635,Diseased
1328636,Healthy
1328637,Diseased
1328638,Diseased
1328639,Healthy
1328640,Diseased
1328651,Diseased
1328652,Stressed
1328653,Stressed
1328654,Diseased
1328655,Healthy
1328657,Diseased
1328659,Healthy
1328660,Diseased
1328661,Diseased
1331967,Stressed
1328662,Healthy
1328663,Diseased
1328664,Diseased
1328665,Stressed
1328670,Healthy
1328671,Healthy
1328683,Healthy
1328684,Healthy
1328708,Diseased
1328709,Stressed
1328710,Healthy
1328711,Diseased
1328712,Stressed
1328713,Healthy
1328714,Diseased
1328715,Stressed
1328716,Healthy
1328717,Diseased
1328718,Healthy
1328723,Diseased
1328724,Healthy
1328725,Diseased
1328726,Diseased
1328727,Diseased
1328728,Healthy
1328729,Healthy
1328730,Healthy
1328731,Diseased
1328732,Diseased
1328733,Diseased
1328744,Healthy
1328745,Healthy
1331971,Diseased
1328746,Diseased
1328747,Healthy
1328748,Healthy
1328749,Stressed
1328750,Healthy
945067,Stressed
1328752,Healthy
1328753,Diseased
1328754,Stressed
1328755,Healthy
1328756,Stressed
1328757,Diseased
1328758,Stressed
612084,Healthy
1328760,Healthy
1328761,Diseased
1328762,Stressed
1328772,Diseased
1331972,Stressed
1328773,Diseased
1328774,Diseased
1328775,Diseased
1328776,Diseased
1328777,Diseased
1328778,Healthy
1331973,Healthy
1328779,Pests
1328780,Diseased
1328781,Pests
1328782,Healthy
1331974,Diseased
1328783,Pests
1328784,Healthy
1331975,Healthy
1328785,Healthy
1331980,Diseased
1331981,Diseased
1328862,Pests
451892,Healthy
1328864,Pests
1328865,Stressed
433500,Diseased
1328887,Healthy
1328888,Diseased
1328889,Healthy
1328890,Stressed
1328897,Healthy
1328898,Diseased
1328903,Stressed
987048,Healthy
1328905,Stressed
1328906,Diseased
1328907,Diseased
1328908,Healthy
1328909,Stressed
1328910,Healthy
1328911,Diseased
1328912,Stressed
1328913,Healthy
1328914,Healthy
1328915,Healthy
1328916,Stressed
1328917,Healthy
1328918,Healthy
1328919,Diseased
1328932,Diseased
1329039,Healthy
1331984,Pests
1329040,Healthy
1329041,Healthy
1329042,Healthy
1329046,Stressed
1329048,Pests
1329049,Healthy
1329050,Stressed
1329051,Healthy
1329052,Healthy
1329053,Healthy
1331990,Pests
1329143,Healthy
1329153,Healthy
1329154,Pests
1329166,Healthy
1329167,Stressed
311155,Healthy
1329225,Healthy
800460,Healthy
1329317,Healthy
1329318,Stressed
1329319,Healthy
1329320,Healthy
1329321,Healthy
1329322,Healthy
1329323,Diseased
1329334,Healthy
1329335,Stressed
1329368,Diseased
1329369,Stressed
1329370,Diseased
1329371,Healthy
1329372,Diseased
1329413,Healthy
1332007,Healthy
1329414,Healthy
1329415,Healthy
1329416,Healthy
1329417,Healthy
1329418,Healthy
1329419,Diseased
1329422,Pests
1329423,Healthy
1329424,Stressed
1329430,Healthy
1329431,Healthy
1329432,Healthy
1329433,Diseased
1329434,Healthy
1329455,Pests
1329456,Diseased
1329457,Healthy
1329459,Stressed
1329461,Healthy
1329462,Healthy
1329463,Healthy
1329465,Healthy
1329468,Diseased
1329469,Healthy
1329470,Stressed
1329471,Healthy
965633,Healthy
1329473,Healthy
1329474,Healthy
1329475,Healthy
1332016,Healthy
1329476,Healthy
1329477,Healthy
1329478,Healthy
1329479,Healthy
1329529,Healthy
1329530,Healthy
1329651,Healthy
1329652,Healthy
1329654,Healthy
1332023,Healthy
1329673,Healthy
1329674,Pests
1329675,Pests
1329676,Healthy
1329677,Healthy
1329678,Stressed
1329679,Stressed
1329680,Healthy
1329681,Pests
1329682,Diseased
1329683,Healthy
1329684,Healthy
1329685,Healthy
1329686,Healthy
1329747,Diseased
1329748,Pests
1329749,Healthy
1329750,Healthy
1329751,Pests
1329752,Pests
1329753,Healthy
1329754,Healthy
1329755,Healthy
1329756,Pests
1329757,Stressed
1329758,Pests
1329759,Pests
1329760,Healthy
1329761,Healthy
1329762,Stressed
1329763,Pests
1332028,Healthy
1329765,Pests
1329766,Healthy
405271,Healthy
1332029,Stressed
1329768,Healthy
1332030,Healthy
1329769,Stressed
367296,Pests
1329778,Healthy
1329779,Healthy
1329780,Stressed
1329781,Healthy
1329782,Stressed
1329783,Healthy
1329784,Healthy
1332031,Pests
1329785,Stressed
1329786,Stressed
1329787,Healthy
1329788,Healthy
1329789,Pests
1329790,Healthy
1329791,Stressed
1329792,Stressed
1329793,Healthy
1329794,Healthy
1329812,Healthy
1329813,Healthy
1329814,Diseased
1329815,Healthy
1329816,Diseased
1329830,Healthy
1332035,Diseased
1329831,Healthy
1329832,Pests
1329833,Healthy
1329834,Diseased
1329835,Diseased
1329836,Diseased
1329837,Diseased
1329838,Diseased
1329839,Healthy
1329840,Healthy
1329841,Diseased
1329842,Healthy
1329843,Healthy
1329844,Diseased
1329845,Healthy
1329859,Diseased
1329860,Healthy
1329899,Diseased
1329917,Diseased
1329918,Healthy
1329919,Diseased
1329920,Healthy
1329921,Diseased
1329922,Healthy
320285,Healthy
1329924,Healthy
1329925,Healthy
1329926,Healthy
1329927,Diseased
1329928,Healthy
1329929,Healthy
1329930,Healthy
1329931,Healthy
1332043,Diseased
1329932,Healthy
1329933,Healthy
1329934,Healthy
1329935,Healthy
1329936,Diseased
1329937,Healthy
1329938,Healthy
1329939,Diseased
1329940,Healthy
1329941,Healthy
1329942,Diseased
1330086,Stressed
1330196,Stressed
1330623,Healthy
1330624,Healthy
1330625,Healthy
1330626,Healthy
1330628,Healthy
1330629,Healthy
1330635,Healthy
1330637,Healthy
1330694,Healthy
1330695,Healthy
1332093,Healthy
1330716,Healthy
1330718,Healthy
1330721,Healthy
1330723,Stressed
1330725,Healthy
1330726,Healthy
1330734,Healthy
1330735,Healthy
1330847,Stressed
1330848,Diseased
358782,Healthy
1330850,Stressed
1330851,Healthy
1330852,Healthy
1330853,Stressed
1330854,Diseased
1330855,Healthy
1330856,Healthy
1330857,Diseased
1330858,Diseased
1330859,Healthy
947504,Diseased
1330861,Diseased
1330862,Healthy
1330863,Stressed
1330864,Healthy
1330865,Healthy
1330866,Pests
1330867,Diseased
1330868,Healthy
1330869,Healthy
1330870,Healthy
1330871,Healthy
1330872,Stressed
1330873,Diseased
1330874,Diseased
1330875,Pests
1330876,Diseased
1330877,Stressed
1330878,Healthy
1332101,Diseased
803427,Diseased
1330880,Diseased
1330881,Stressed
1330882,Stressed
389103,Healthy
1330884,Stressed
1330885,Stressed
1330886,Healthy
1330887,Diseased
1330888,Diseased
1330889,Healthy
1330890,Healthy
1330891,Diseased
1332102,Diseased
1330892,Healthy
1330893,Healthy
1330894,Healthy
1330895,Stressed
1330896,Diseased
1330897,Pests
1330898,Healthy
1330899,Healthy
1330900,Healthy
1330901,Diseased
1330902,Healthy
1330903,Healthy
1330904,Diseased
1332103,Healthy
1330905,Healthy
1330906,Diseased
1331035,Healthy
1331037,Healthy
1331041,Healthy
1331043,Healthy
737986,Stressed
1331045,Healthy
1331046,Diseased
1331047,Diseased
1331048,Diseased
1331049,Healthy
1331050,Healthy
848186,Stressed
1331052,Diseased
1331053,Stressed
1331054,Pests
1331055,Stressed
1331056,Healthy
1331057,Healthy
1331058,Diseased
1331059,Stressed
1331060,Diseased
1331061,Diseased
1331062,Stressed
1331063,Diseased
1331064,Diseased
1331065,Healthy
1331066,Healthy
1331067,Healthy
1331068,Stressed
1331069,Diseased
1331070,Healthy
1331071,Healthy
1331072,Diseased
1331073,Healthy
1331074,Healthy
1331075,Diseased
1331076,Healthy
1331077,Stressed
1331078,Healthy
1331079,Healthy
1331080,Healthy
1331081,Healthy
1331082,Stressed
1331083,Diseased
1331084,Healthy
1331085,Diseased
1331086,Diseased
1331090,Diseased
1331100,Healthy
1331102,Healthy
1331103,Diseased
1331104,Healthy
1331105,Healthy
1331106,Stressed
1331107,Healthy
1331108,Diseased
1331109,Diseased
1331110,Diseased
1331111,Healthy
1331112,Stressed
1331113,Healthy
1331114,Diseased
460899,Healthy
602237,Healthy
1331117,Diseased
1331118,Stressed
1331119,Healthy
1331120,Stressed
1331121,Diseased
1331122,Diseased
1331123,Healthy
1331124,Pests
1331125,Diseased
1331126,Healthy
1332110,Stressed
1331127,Healthy
1331128,Stressed
1331129,Stressed
1331130,Stressed
1331131,Diseased
1331132,Pests
1331133,Stressed
1331134,Healthy
1331135,Healthy
1331136,Healthy
1331137,Healthy
1331138,Healthy
1331139,Stressed
1331199,Stressed
1331200,Diseased
1332116,Diseased
1331201,Stressed
1331202,Healthy
1331203,Healthy
1331204,Diseased
1331208,Stressed
1331209,Diseased
1331210,Stressed
1331213,Healthy
1331214,Diseased
1331229,Healthy
1331230,Diseased
1331231,Healthy
1331232,Healthy
1331233,Pests
1331234,Healthy
1331235,Diseased
500837,Diseased
1331259,Stressed
1331266,Diseased
1331267,Stressed
1331271,Healthy
1331298,Healthy
1331309,Healthy
1331388,Pests
1331390,Healthy
1331391,Pests
1331392,Healthy
1331393,Healthy
1331394,Healthy
1331395,Pests
1332128,Healthy
1331396,Healthy
1332129,Healthy
1331397,Healthy
1331398,Healthy
1331399,Pests
1331400,Healthy
1331401,Healthy
1331402,Healthy
1331403,Healthy
1332130,Healthy
1331404,Pests
1331405,Healthy
1331406,Healthy
1331407,Healthy
1331408,Healthy
404742,Healthy
1331410,Healthy
1331411,Healthy
1331412,Healthy
1332131,Pests
1331413,Healthy
1331414,Healthy
1331415,Healthy
1331416,Healthy
1331417,Healthy
1331418,Diseased
1331419,Healthy
1331420,Healthy
1331421,Diseased
1331422,Healthy
1331423,Healthy
1332132,Healthy
1331424,Healthy
1331425,Healthy
1331426,Pests
1331427,Healthy
1331428,Pests
1331429,Pests
1331430,Healthy
1331431,Healthy
1331432,Healthy
1331433,Healthy
1331434,Healthy
1331435,Healthy
1331436,Healthy
1331437,Healthy
1331438,Healthy
1331439,Healthy
1331440,Healthy
1331469,Pests
1331470,Healthy
1331471,Pests
1331472,Healthy
1331473,Healthy
1331474,Healthy
1331475,Healthy
1331476,Healthy
1331478,Healthy
1331479,Healthy
1331480,Healthy
1331481,Healthy
1331482,Healthy
1331483,Pests
1331484,Healthy
1331485,Healthy
1331486,Healthy
1331487,Healthy
1331488,Healthy
1331489,Healthy
1331490,Healthy
1331491,Healthy
1331492,Pests
1331493,Healthy
1331494,Healthy
1331495,Healthy
1331496,Healthy
1332136,Healthy
1331497,Healthy
1331498,Healthy
1331499,Healthy
1331500,Healthy
1331501,Healthy
1331502,Healthy
1331503,Healthy
1331504,Healthy
1331512,Healthy
1331515,Healthy
1331516,Healthy
1331517,Healthy
1331518,Healthy
1331519,Healthy
1331520,Healthy
1331521,Healthy
1332137,Healthy
1331522,Pests
1331523,Pests
1331532,Pests
1331540,Healthy
1331541,Healthy
1331542,Healthy
1331567,Healthy
1331577,Healthy
1331578,Healthy
1331579,Healthy
1332141,Healthy
1331580,Diseased
1331581,Healthy
1331582,Healthy
1331583,Pests
1331584,Healthy
1331593,Pests
1332142,Healthy
1331594,Healthy
1331595,Healthy
1331596,Healthy
1331597,Healthy
1331598,Healthy
1331599,Healthy
1331600,Healthy
1331601,Pests
1331611,Healthy
1331656,Healthy
1331664,Healthy
1331665,Stressed
1331666,Healthy
1331667,Healthy
1331668,Healthy
1331669,Healthy
1331759,Healthy
1331760,Healthy
1331761,Healthy
1331762,Healthy
1331763,Healthy
1331764,Healthy
1331765,Healthy
1331766,Healthy
1331823,Healthy
1314574,Pests
1314563,Healthy
1314559,Healthy
1314557,Healthy
1314568,Healthy
1314560,Healthy
1314564,Stressed
1314595,Healthy
1314597,Pests
1314558,Healthy
1314566,Healthy
1314573,Pests
1314565,Pests
1317486,Healthy
1317413,Healthy
1317511,Healthy
1317572,Diseased
1317566,Healthy
1317574,Healthy
1317443,Stressed
1317569,Healthy
1317568,Healthy
1317571,Healthy
1317500,Healthy
1317565,Healthy
1317612,Pests
1317472,Healthy
1317490,Healthy
1317419,Healthy
1317609,Pests
1317509,Healthy
1317499,Healthy
1317430,Stressed
1317552,Healthy
1317483,Healthy
1317581,Stressed
1317573,Pests
1317482,Healthy
1317426,Healthy
1317611,Healthy
1317607,Healthy
1317424,Healthy
1317576,Healthy
1317578,Diseased
67943,Healthy
1317479,Healthy
1317570,Diseased
1317577,Healthy
1317613,Healthy
1317423,Healthy
1317475,Healthy
1317549,Diseased
1317610,Healthy
1317567,Diseased
1317495,Healthy
1314509,Healthy
1314528,Pests
1314513,Healthy
1314479,Stressed
1314475,Healthy
1314455,Stressed
1314491,Pests
1314524,Healthy
1314519,Pests
1314532,Healthy
1314470,Healthy
828123,Healthy
1314480,Stressed
1314489,Healthy
1314472,Healthy
1314518,Healthy
1314496,Stressed
1314530,Healthy
1314507,Pests
1314517,Healthy
1314501,Stressed
1314468,Diseased
1314511,Healthy
1314521,Healthy
1314522,Healthy
1314476,Healthy
1314492,Healthy
1314520,Healthy
1314467,Healthy
1314487,Diseased
1314531,Healthy
1314516,Healthy
1314418,Healthy
1314498,Healthy
1314493,Stressed
1314500,Healthy
1314473,Healthy
1314529,Stressed
1314436,Healthy
1314494,Diseased
1314504,Diseased
1314527,Healthy
1298050,Healthy
1298055,Healthy
1298053,Healthy
1298042,Healthy
1297462,Healthy
1297290,Healthy
1297690,Healthy
1297675,Healthy
1297713,Healthy
1297725,Healthy
1297707,Stressed
736439,Healthy
1297884,Healthy
1297882,Healthy
1297880,Healthy
1297887,Healthy
401799,Healthy
1297941,Healthy
1297940,Healthy
1298080,Healthy
1298115,Stressed
1298058,Stressed
1298114,Healthy
1298145,Healthy
1298061,Healthy
1298125,Stressed
1298101,Healthy
1298059,Healthy
1298167,Healthy
1298146,Stressed
1298117,Healthy
1298064,Healthy
1298169,Healthy
869633,Healthy
1298130,Healthy
1298069,Healthy
1298159,Healthy
1298156,Healthy
1298122,Healthy
1298120,Healthy
1298075,Healthy
1298119,Healthy
1298123,Healthy
47343,Healthy
1298131,Healthy
1298389,Healthy
1298381,Healthy
1298396,Healthy
1298417,Healthy
1298423,Healthy
1304566,Healthy
1304694,Healthy
1304726,Healthy
1304731,Healthy
1304723,Healthy
1304737,Healthy
1305426,Healthy
1305425,Healthy
1305461,Healthy
1305603,Healthy
1305559,Healthy
1305552,Healthy
1305550,Healthy
1305558,Healthy
1305541,Healthy
1305551,Healthy
1305554,Healthy
1305539,Healthy
1305606,Healthy
1305543,Healthy
1305544,Healthy
1305540,Healthy
1305548,Healthy
1305556,Healthy
1305549,Healthy
1305608,Healthy
755448,Healthy
1307117,Healthy
1307321,Healthy
1307120,Healthy
1307488,Healthy
1307124,Healthy
1307434,Healthy
1307474,Healthy
1307484,Healthy
1307118,Healthy
1307187,Healthy
1307212,Healthy
1307480,Healthy
1307371,Healthy
1307507,Healthy
1307320,Healthy
1307506,Healthy
1307219,Healthy
1307332,Stressed
1307130,Healthy
1307072,Healthy
1307156,Healthy
1307265,Healthy
1307329,Healthy
1307450,Healthy
1307366,Healthy
1307181,Healthy
1307186,Healthy
1307432,Healthy
1307486,Healthy
1307229,Healthy
1307490,Healthy
1307505,Healthy
1307082,Healthy
1307093,Healthy
1307179,Healthy
1307447,Healthy
1307501,Healthy
1307260,Healthy
1307232,Healthy
1307096,Healthy
1307362,Healthy
1307516,Healthy
1307163,Healthy
1307123,Healthy
1307127,Healthy
1307357,Healthy
1307437,Healthy
1307493,Healthy
1307128,Healthy
1307267,Healthy
1307122,Healthy
1307085,Healthy
1307126,Healthy
1307504,Stressed
1307377,Healthy
1307483,Healthy
542928,Healthy
1307494,Healthy
1307269,Healthy
1307184,Healthy
1307336,Healthy
1307340,Stressed
1307502,Healthy
1307077,Healthy
1307092,Healthy
1307095,Healthy
1307116,Healthy
1307239,Healthy
1307322,Healthy
1307459,Healthy
1307215,Healthy
1307236,Healthy
1307367,Healthy
1307479,Healthy
810963,Healthy
1307331,Healthy
1307129,Healthy
1307325,Healthy
1307324,Healthy
1307496,Healthy
1307485,Healthy
1307487,Healthy
1307343,Healthy
1305706,Healthy
1305725,Healthy
1305708,Healthy
1320838,Healthy
1305719,Healthy
1305716,Healthy
1305727,Healthy
568023,Healthy
1305736,Healthy
1305712,Healthy
1305732,Healthy
1305714,Healthy
1305710,Healthy
1305729,Healthy
1307740,Healthy
1307750,Healthy
1307752,Healthy
1307751,Healthy
1307747,Healthy
1307802,Healthy
1307760,Healthy
1307761,Healthy
1307798,Healthy
1307753,Healthy
1307758,Healthy
1307801,Healthy
1307803,Healthy
1307800,Healthy
1307794,Healthy
1307797,Healthy
1307757,Stressed
1307805,Healthy
1307749,Healthy
1307806,Healthy
1307892,Healthy
1307882,Healthy
1307916,Healthy
1307888,Healthy
1307883,Healthy
753499,Healthy
1307898,Healthy
1307905,Healthy
1307900,Healthy
1307913,Healthy
1307918,Healthy
1307889,Healthy
1313687,Healthy
1313684,Healthy
37765,Healthy
1313667,Healthy
1313676,Healthy
1313688,Healthy
1313690,Healthy
1313692,Healthy
1313680,Healthy
1313682,Healthy
1313822,Healthy
1313828,Healthy
1313817,Healthy
1313833,Healthy
1313816,Healthy
1313835,Healthy
1313819,Healthy
1313834,Healthy
1313831,Healthy
1313983,Healthy
1314003,Healthy
1314020,Healthy
1314078,Healthy
1314176,Healthy
1314091,Healthy
1314126,Healthy
1314121,Healthy
1314142,Stressed
1314214,Healthy
1314160,Healthy
1314165,Healthy
1314203,Healthy
1314205,Healthy
1314001,Healthy
1314170,Healthy
1314063,Healthy
1314116,Healthy
1314204,Healthy
1314100,Healthy
1314021,Healthy
1314112,Healthy
1314034,Healthy
1313994,Healthy
321190,Healthy
1314101,Healthy
1314166,Healthy
1314175,Healthy
1314139,Healthy
1314094,Healthy
1313976,Healthy
1314143,Healthy
1314172,Healthy
1314074,Healthy
1314118,Healthy
1314146,Healthy
1314215,Healthy
1314014,Healthy
1313967,Healthy
1314032,Healthy
1314102,Healthy
1314129,Healthy
1313990,Healthy
1314120,Healthy
1314136,Healthy
1314019,Healthy
1314017,Healthy
1314117,Healthy
1314194,Healthy
1314119,Healthy
1314206,Healthy
1314153,Healthy
1313992,Healthy
1314038,Healthy
1314090,Healthy
1314181,Healthy
1314035,Healthy
1314089,Healthy
1314192,Healthy
1314201,Healthy
1314144,Healthy
1314171,Healthy
1314029,Healthy
1314147,Healthy
1313995,Healthy
1314169,Healthy
1314145,Healthy
1313997,Healthy
1314065,Healthy
1314010,Healthy
1314185,Healthy
1314041,Healthy
1314114,Healthy
1314177,Healthy
1314042,Healthy
1314060,Healthy
1314069,Healthy
1314156,Healthy
1314127,Healthy
1314216,Healthy
1314115,Healthy
1314163,Healthy
1314009,Healthy
1314154,Healthy
1314209,Healthy
1314015,Healthy
1314064,Healthy
1314158,Healthy
1314133,Healthy
1314198,Healthy
1314135,Healthy
1314082,Healthy
1314132,Healthy
1314006,Healthy
1314018,Healthy
1314106,Healthy
1314173,Healthy
1314033,Healthy
1314113,Healthy
1314196,Healthy
1314088,Healthy
565960,Healthy
1314128,Healthy
1314131,Healthy
1314068,Healthy
1314197,Healthy
1314207,Healthy
1314084,Healthy
1314005,Healthy
1314157,Healthy
1314210,Healthy
1314122,Healthy
1314096,Healthy
1314191,Healthy
1314212,Healthy
1314110,Stressed
1314098,Healthy
1314137,Healthy
1314140,Healthy
1313972,Healthy
1314079,Healthy
1314213,Healthy
1314055,Healthy
1314073,Healthy
1314011,Healthy
55427,Healthy
1314030,Healthy
1314168,Healthy
1314031,Healthy
1314189,Healthy
1314008,Healthy
1314134,Healthy
1314159,Healthy
1314161,Healthy
1314188,Healthy
1314162,Healthy
1314202,Healthy
1314022,Healthy
1314083,Healthy
1314104,Healthy
1314105,Healthy
1314045,Healthy
1314193,Healthy
1314085,Healthy
1314097,Healthy
1314123,Healthy
1314298,Healthy
1314373,Healthy
1314302,Healthy
1314372,Healthy
1314285,Healthy
1314275,Healthy
1314290,Healthy
1314304,Stressed
1314331,Healthy
1314349,Healthy
1314377,Healthy
1314394,Healthy
1314301,Healthy
1314278,Healthy
1314336,Healthy
1314378,Healthy
783836,Healthy
1314360,Healthy
1314316,Healthy
1314341,Healthy
1314308,Healthy
1314397,Healthy
1314369,Healthy
1314321,Healthy
1314338,Healthy
1314328,Healthy
1314375,Stressed
1314398,Healthy
1314300,Healthy
1314357,Healthy
1314276,Healthy
1314352,Healthy
1314292,Healthy
1314280,Healthy
1314315,Healthy
1314393,Healthy
1314391,Healthy
1314333,Healthy
1314379,Healthy
1314345,Healthy
1314401,Healthy
1314361,Healthy
1314332,Healthy
1314274,Healthy
1314359,Healthy
1314368,Healthy
1314286,Healthy
1314347,Healthy
1314350,Stressed
1314284,Healthy
1314296,Healthy
1314277,Healthy
1314309,Healthy
1314320,Healthy
1314371,Healthy
1314306,Healthy
666956,Healthy
177495,Healthy
1314289,Healthy
1314273,Healthy
1314326,Healthy
1314353,Healthy
1314348,Healthy
1314324,Healthy
1314325,Healthy
1314344,Healthy
1314362,Healthy
1314346,Healthy
1314356,Healthy
1314327,Healthy
1314319,Healthy
1314395,Healthy
1314294,Healthy
1314335,Healthy
1314303,Healthy
1314367,Healthy
1314287,Healthy
1314386,Healthy
1314334,Stressed
1314339,Healthy
1314366,Healthy
1314305,Healthy
1314384,Healthy
1314311,Healthy
1314293,Healthy
1314295,Healthy
1314396,Healthy
1314322,Healthy
1314323,Healthy
1314281,Healthy
1314318,Healthy
1317777,Healthy
1317781,Diseased
1317778,Healthy
1317796,Diseased
1317792,Healthy
1317794,Pests
1317791,Pests
1317786,Healthy
1317761,Healthy
1317797,Healthy
1317903,Diseased
1317909,Healthy
1317893,Healthy
1317886,Diseased
1317884,Diseased
1317878,Pests
1317889,Diseased
1317842,Healthy
1317907,Pests
1317905,Healthy
166929,Healthy
1317843,Healthy
1317882,Healthy
1317900,Healthy
1317904,Healthy
1318136,Diseased
1318105,Healthy
1318112,Healthy
1318028,Pests
1318141,Healthy
1318012,Diseased
1318099,Pests
1318100,Diseased
1318108,Healthy
1318101,Healthy
1318138,Healthy
1318080,Healthy
1318185,Stressed
1318079,Diseased
1317997,Stressed
1318082,Diseased
1318172,Healthy
1317988,Pests
1318010,Healthy
1318190,Pests
1318139,Healthy
1318117,Healthy
1318007,Healthy
1318009,Diseased
1318204,Healthy
1318182,Healthy
1318005,Pests
1318127,Diseased
1318169,Healthy
1318103,Diseased
1318128,Healthy
1318199,Healthy
1318212,Healthy
1318097,Diseased
1318074,Diseased
1318078,Pests
1318144,Pests
1318037,Healthy
1318140,Healthy
1318071,Pests
1318205,Healthy
1318187,Healthy
1318211,Pests
1318017,Healthy
1318149,Healthy
1318131,Healthy
1318203,Healthy
1318179,Healthy
1318020,Pests
338877,Diseased
1318132,Pests
1318133,Diseased
1318137,Healthy
1318200,Pests
1318027,Healthy
1318202,Pests
1318143,Healthy
1318175,Healthy
1318189,Pests
1318022,Diseased
1318019,Pests
1318245,Healthy
1318243,Healthy
1318238,Healthy
1318297,Healthy
1318249,Healthy
1318307,Healthy
1318303,Pests
1318244,Pests
1318246,Healthy
1318248,Healthy
1318296,Healthy
1318242,Healthy
1318258,Healthy
1318247,Healthy
1318236,Healthy
1318378,Diseased
1318358,Pests
1318364,Healthy
1318388,Healthy
1318333,Pests
1318359,Healthy
1318366,Pests
1318340,Healthy
1318376,Diseased
1318337,Healthy
1318369,Healthy
1318341,Pests
1318360,Diseased
1318331,Healthy
1318377,Diseased
1318355,Diseased
1318389,Pests
1318339,Diseased
1318350,Healthy
1318373,Diseased
1318371,Diseased
1318375,Healthy
1318680,Healthy
1318612,Healthy
1318399,Stressed
1318670,Stressed
1318633,Healthy
1318656,Healthy
1318675,Healthy
1318672,Healthy
1318452,Pests
1318644,Healthy
1318662,Healthy
1318476,Healthy
1318630,Healthy
1318449,Healthy
1318627,Healthy
1318442,Healthy
1318469,Stressed
1318391,Healthy
1318474,Healthy
1318511,Pests
1318658,Healthy
1318669,Healthy
1318472,Healthy
1318671,Healthy
1318661,Healthy
1318659,Healthy
1318619,Healthy
1318396,Stressed
1318617,Healthy
1318512,Healthy
1318610,Healthy
1318635,Healthy
1318457,Healthy
1318398,Healthy
1318395,Stressed
1318666,Healthy
1318623,Healthy
1318436,Healthy
316131,Healthy
1318463,Healthy
383207,Healthy
1318665,Healthy
1318445,Healthy
1318697,Healthy
1318705,Healthy
1318769,Healthy
1318746,Healthy
1318716,Healthy
1318762,Healthy
1318702,Healthy
1318717,Healthy
1318711,Healthy
1318750,Healthy
1318772,Healthy
1318773,Healthy
1318707,Healthy
1318690,Healthy
1318770,Healthy
73954,Healthy
1318771,Stressed
1318699,Healthy
1318982,Pests
1318960,Healthy
1318979,Stressed
1318914,Healthy
1318924,Healthy
1318968,Healthy
1318874,Healthy
1318978,Healthy
1318911,Healthy
1318936,Healthy
1318964,Healthy
1318976,Healthy
1318883,Healthy
1319011,Healthy
1319012,Healthy
1319005,Pests
591926,Diseased
1319022,Diseased
1319019,Healthy
1318997,Healthy
1319032,Pests
1319016,Healthy
1318999,Diseased
1319008,Pests
1319071,Pests
1319132,Diseased
1319266,Healthy
1319263,Stressed
1319153,Stressed
1319069,Diseased
1319073,Diseased
1319136,Stressed
1319150,Diseased
1319134,Healthy
1319141,Stressed
1319259,Healthy
1319148,Healthy
1319147,Healthy
1319261,Healthy
1319302,Healthy
1319308,Healthy
1319314,Healthy
1319317,Healthy
1319320,Healthy
1319327,Healthy
1319338,Healthy
1319340,Healthy
1319341,Healthy
1319345,Healthy
1319364,Healthy
1319369,Healthy
1319375,Pests
1319380,Healthy
1319385,Stressed
1319390,Healthy
1319395,Healthy
1319400,Healthy
56263,Healthy
1319406,Healthy
1319414,Healthy
1319415,Healthy
1319416,Stressed
1319432,Healthy
1319435,Pests
1319441,Pests
1319443,Healthy
1319445,Healthy
1319446,Healthy
1319447,Stressed
1319449,Healthy
1319450,Healthy
1319452,Healthy
1319453,Healthy
1319458,Diseased
1319460,Diseased
1319462,Healthy
1319466,Stressed
1319467,Pests
109153,Healthy
1323381,Healthy
1323383,Stressed
1323384,Healthy
1323387,Diseased
1323389,Healthy
1323391,Healthy
459331,Pests
1323398,Healthy
1323401,Diseased
1323406,Diseased
1323407,Stressed
1323409,Healthy
1323410,Healthy
1323412,Healthy
1323413,Healthy
1323415,Stressed
1323416,Healthy
1323418,Pests
1323419,Stressed
1323420,Pests
1323421,Healthy
1323422,Healthy
1323424,Healthy
1323427,Stressed
1323485,Healthy
1323492,Healthy
1323493,Diseased
1323501,Diseased
1323506,Diseased
1323507,Diseased
1323514,Healthy
1323515,Healthy
1323518,Stressed
1323519,Healthy
1323520,Diseased
1323521,Diseased
1323524,Healthy
1323525,Healthy
1323529,Diseased
1323532,Stressed
1323543,Diseased
1323545,Pests
1323547,Healthy
1323549,Pests
1323550,Pests
1323552,Healthy
1323554,Healthy
1323555,Diseased
1323556,Diseased
1323571,Healthy
1323573,Diseased
1323575,Pests
860070,Diseased
1323579,Pests
1323581,Diseased
1323583,Healthy
1323584,Diseased
1323591,Pests
1323592,Healthy
1323594,Stressed
1323595,Diseased
1323598,Pests
1323600,Diseased
1323603,Healthy
1323605,Pests
1323636,Pests
1323638,Healthy
1323642,Pests
1323643,Diseased
1322964,Healthy
1322967,Healthy
1322970,Healthy
60548,Healthy
1322988,Healthy
1322990,Healthy
1323011,Healthy
1323016,Healthy
1323017,Healthy
1323018,Healthy
702282,Healthy
1323024,Healthy
1323026,Healthy
1323029,Healthy
1323031,Stressed
1323032,Healthy
1323038,Healthy
1323045,Healthy
1319841,Healthy
1319845,Healthy
1319852,Healthy
1319861,Healthy
1319877,Healthy
1317562,Diseased
1317575,Healthy
1297475,Healthy
1297660,Healthy
1304692,Healthy
1304733,Healthy
1305470,Healthy
1307183,Healthy
1314179,Healthy
1317804,Stressed
1317800,Healthy
1317892,Diseased
1319456,Healthy
1319457,Healthy
1319459,Healthy
1320988,Diseased
1320994,Healthy
1321001,Healthy
44423,Diseased
1321003,Healthy
1321004,Healthy
1321006,Diseased
1321007,Healthy
1321008,Diseased
1321009,Healthy
1321010,Pests
1321013,Pests
1321014,Diseased
1321015,Diseased
1321016,Healthy
1321018,Stressed
1321019,Pests
1321038,Diseased
1321039,Healthy
472677,Diseased
1321043,Diseased
1321044,Healthy
1321045,Healthy
1321046,Diseased
1321047,Diseased
1321048,Diseased
1321051,Diseased
1321053,Healthy
1321057,Healthy
1321060,Healthy
1321062,Healthy
1321063,Diseased
606460,Stressed
1321066,Diseased
1321069,Stressed
1321072,Healthy
1321073,Diseased
1321075,Diseased
1321076,Diseased
1321098,Diseased
1321099,Diseased
1321102,Stressed
1321103,Pests
1321106,Diseased
1321110,Diseased
1321111,Healthy
1321116,Diseased
1321118,Diseased
1321119,Stressed
1321127,Diseased
1321128,Diseased
1321132,Diseased
1321133,Diseased
1321136,Diseased
1321141,Healthy
1321143,Diseased
1321146,Healthy
1321147,Diseased
812111,Pests
1321154,Diseased
1321157,Diseased
1321159,Diseased
1321211,Pests
1321213,Healthy
1321216,Healthy
79506,Diseased
1321221,Pests
1321228,Diseased
1321236,Pests
1321243,Pests
494691,Diseased
1321253,Pests
1321255,Pests
1321258,Healthy
1321261,Pests
1321262,Diseased
1321272,Healthy
1321282,Healthy
1321285,Healthy
1321287,Healthy
1321291,Diseased
1321292,Pests
1321294,Diseased
1321297,Pests
1321298,Stressed
1321299,Stressed
1321303,Stressed
1321314,Healthy
1321327,Healthy
1321334,Healthy
1321339,Healthy
444242,Healthy
1321347,Healthy
1297628,Pests
1321352,Healthy
1321353,Healthy
1321354,Pests
1321355,Healthy
1321356,Healthy
1321357,Healthy
1321360,Pests
1321363,Healthy
1321367,Healthy
1321371,Diseased
1321373,Healthy
1321377,Pests
1321378,Healthy
1321380,Diseased
1321383,Pests
1321384,Diseased
1321385,Healthy
1321388,Healthy
1321392,Stressed
43469,Healthy
1321397,Stressed
1321403,Diseased
1321406,Diseased
1321418,Diseased
1321419,Diseased
1321421,Stressed
1321426,Healthy
1321428,Healthy
1321429,Diseased
1321430,Healthy
1321431,Pests
1321433,Stressed
1321435,Stressed
1321436,Diseased
1321437,Healthy
1321438,Diseased
1321439,Healthy
1321440,Stressed
1321441,Healthy
1321444,Stressed
1321445,Stressed
1321446,Diseased
1321447,Pests
110889,Healthy
1321450,Diseased
1321457,Pests
1321462,Healthy
1321474,Pests
1321481,Healthy
1321482,Healthy
1321486,Healthy
1321489,Diseased
1321490,Diseased
1321493,Healthy
1321494,Diseased
1321498,Diseased
1321499,Diseased
1321500,Pests
1321509,Healthy
1321515,Healthy
1321516,Diseased
1321518,Pests
1321527,Pests
691941,Healthy
1321534,Healthy
1321535,Healthy
1321543,Healthy
1321544,Diseased
1321545,Pests
1321546,Diseased
519970,Diseased
1321551,Diseased
1321556,Diseased
1321558,Healthy
1321560,Healthy
1321561,Pests
1321562,Diseased
1321565,Diseased
1321566,Healthy
1321567,Healthy
1321568,Stressed
1321570,Healthy
1321571,Healthy
1321574,Healthy
1321581,Stressed
1321583,Healthy
1321593,Healthy
1321594,Healthy
1321595,Healthy
1321596,Pests
1321597,Pests
1321598,Pests
1321601,Healthy
1321604,Pests
1321606,Healthy
1321609,Pests
1321611,Healthy
1321613,Healthy
1321615,Pests
1321617,Pests
1321619,Healthy
1321620,Healthy
1321621,Healthy
1321622,Healthy
1321623,Healthy
1321624,Healthy
1321625,Healthy
1321626,Healthy
1321627,Healthy
1321628,Healthy
1321629,Healthy
1321630,Healthy
1321631,Healthy
1321632,Healthy
1321633,Healthy
1321646,Healthy
1321649,Healthy
1321653,Healthy
1321655,Healthy
1321659,Healthy
1321663,Healthy
1321665,Healthy
1321669,Healthy
1321674,Healthy
1321678,Diseased
1321680,Diseased
883931,Diseased
1321683,Healthy
1321685,Healthy
1321686,Healthy
1321687,Diseased
1321688,Healthy
1321689,Healthy
1321691,Healthy
1321692,Healthy
1321693,Diseased
1321696,Diseased
1321697,Healthy
1321703,Healthy
1321706,Stressed
1321709,Healthy
1321710,Healthy
1321713,Diseased
1321715,Healthy
1321716,Diseased
1322055,Healthy
1322059,Healthy
1322061,Diseased
1322062,Diseased
1322064,Diseased
1322065,Healthy
1322069,Healthy
1322073,Diseased
1322078,Healthy
1322082,Diseased
1322085,Diseased
1322091,Diseased
1322355,Healthy
1322358,Diseased
1322364,Diseased
1322366,Diseased
1322371,Diseased
1322375,Diseased
1322378,Diseased
1322381,Healthy
1322384,Diseased
1322394,Diseased
1322396,Diseased
1322398,Healthy
1322464,Diseased
1322466,Healthy
1322483,Healthy
1322506,Diseased
1322597,Healthy
1322600,Diseased
1322611,Healthy
1322621,Diseased
773901,Healthy
187649,Pests
1322631,Stressed
1322645,Pests
1324091,Healthy
1324096,Stressed
1324099,Diseased
1324114,Pests
1324121,Healthy
1304740,Healthy
1307430,Healthy
1326333,Diseased
1326334,Diseased
1326335,Stressed
1326336,Diseased
1326337,Stressed
1326338,Diseased
1326339,Diseased
66394,Stressed
1326341,Diseased
1326342,Healthy
1326343,Healthy
1326345,Diseased
1326346,Healthy
1326347,Healthy
1326348,Stressed
1326350,Healthy
1326351,Stressed
1326354,Healthy
1326355,Stressed
1326356,Diseased
1326357,Diseased
1326359,Healthy
1326374,Healthy
1326375,Diseased
1326376,Diseased
1326377,Healthy
1326378,Healthy
1326379,Healthy
1326380,Stressed
1326381,Healthy
1326382,Healthy
1326383,Diseased
1326384,Diseased
1326385,Healthy
1326386,Diseased
1326387,Stressed
1326388,Healthy
1326389,Healthy
1326390,Diseased
1326391,Stressed
1326392,Diseased
1326393,Healthy
1326394,Stressed
1326395,Diseased
1326396,Healthy
1326397,Pests
1326398,Stressed
1326399,Healthy
1326400,Healthy
1326401,Healthy
1326403,Stressed
1326404,Healthy
1326405,Stressed
1326406,Diseased
1326407,Healthy
1326408,Diseased
1326409,Healthy
1326410,Stressed
1326411,Pests
386453,Healthy
860876,Healthy
1324979,Healthy
1324980,Healthy
589427,Stressed
1324982,Healthy
220239,Diseased
1324985,Stressed
1324987,Healthy
1324988,Stressed
1324989,Healthy
1324990,Healthy
1324991,Healthy
1324992,Healthy
1324993,Healthy
1324945,Pests
1324946,Healthy
1324947,Diseased
1324948,Healthy
1324949,Diseased
1324950,Diseased
219517,Healthy
1324952,Diseased
1324953,Healthy
1324954,Diseased
1324955,Stressed
1324956,Diseased
1324957,Healthy
1324958,Diseased
1324959,Healthy
1324960,Diseased
1324962,Diseased
1324963,Healthy
1324964,Diseased
1324965,Healthy
1324966,Healthy
1324967,Healthy
1324968,Pests
1324969,Healthy
1324970,Healthy
1324971,Healthy
1324972,Diseased
1324973,Diseased
1324974,Healthy
1324975,Stressed
1324976,Healthy
1324977,Diseased
1324978,Stressed
1324907,Stressed
1324929,Healthy
1324937,Healthy
1324903,Diseased
1326445,Diseased
1326446,Healthy
1326448,Diseased
1326449,Healthy
1326450,Healthy
1326451,Diseased
1326507,Healthy
1326509,Diseased
1326511,Pests
1326512,Diseased
1326513,Healthy
1326515,Stressed
1326516,Healthy
1326518,Diseased
1326519,Healthy
1326521,Healthy
1326522,Diseased
1326524,Stressed
1326526,Stressed
1326527,Diseased
1326528,Healthy
320034,Pests
1326530,Diseased
1326531,Healthy
1326532,Healthy
1326533,Stressed
1326534,Stressed
1326535,Healthy
1326536,Stressed
1326537,Diseased
1326538,Healthy
1326539,Stressed
1326540,Diseased
1326541,Stressed
1326542,Stressed
1326543,Stressed
1326544,Healthy
902667,Stressed
1326546,Healthy
1326547,Healthy
1326548,Stressed
1326549,Healthy
1326551,Diseased
1326553,Healthy
1326555,Healthy
1326556,Diseased
1326557,Diseased
1326558,Stressed
1326559,Diseased
1326560,Diseased
1326561,Diseased
1326562,Diseased
1326563,Healthy
1326565,Stressed
1326566,Healthy
1326567,Diseased
1326568,Stressed
1326569,Diseased
1326570,Healthy
1326571,Healthy
1326572,Diseased
1326574,Healthy
16314,Healthy
1325423,Diseased
1313935,Diseased
1317114,Diseased
1305718,Diseased
1317390,Diseased
1316204,Diseased
1308771,Diseased
1304434,Diseased
1300791,Diseased
1314459,Diseased
1299467,Diseased
1305078,Diseased
1319752,Diseased
1323119,Diseased
1324687,Diseased
1317119,Diseased
1315933,Diseased
1310426,Diseased
1316177,Diseased
1313812,Diseased
1313736,Diseased
1312748,Diseased
1315626,Diseased
1301512,Diseased
1313018,Diseased
1311154,Diseased
1307109,Diseased
1302984,Diseased
1314416,Diseased
1322178,Diseased
1308109,Diseased
1308725,Diseased
1316923,Diseased
1302475,Diseased
1316201,Diseased
1298685,Diseased
1306143,Diseased
1315334,Healthy
1315729,Diseased
1311133,Diseased
1299962,Diseased
1300319,Diseased
1303148,Diseased
1324195,Diseased
1312916,Diseased
1325667,Diseased
1301577,Diseased
538960,Diseased
1317326,Diseased
1312603,Diseased
1300449,Diseased
1306900,Diseased
1323275,Diseased
1325074,Diseased
1303511,Healthy
1307361,Diseased
1297739,Diseased
1304448,Diseased
1315687,Diseased
1318985,Diseased
1313180,Diseased
1314190,Diseased
1309681,Diseased
1322015,Diseased
1309163,Diseased
1323385,Diseased
1308887,Diseased
1316533,Diseased
1307066,Diseased
1301017,Diseased
1320667,Diseased
1315636,Diseased
1303752,Diseased
1325533,Diseased
1299107,Diseased
1312398,Diseased
1315397,Diseased
473355,Diseased
1303945,Diseased
1302648,Diseased
1307724,Diseased
1302690,Diseased
1314944,Diseased
1325230,Diseased
1301155,Diseased
1322053,Diseased
721550,Diseased
1318815,Diseased
1317914,Diseased
1317012,Diseased
1299842,Diseased
1308851,Diseased
1300249,Healthy
259375,Healthy
1309257,Healthy
1325931,Healthy
1322024,Healthy
1323164,Healthy
1301580,Healthy
1301275,Healthy
1319687,Healthy
863023,Healthy
1318168,Healthy
1317940,Healthy
1305703,Healthy
1321121,Healthy
1301446,Healthy
1317597,Healthy
1304258,Healthy
1304226,Healthy
1317672,Healthy
1315305,Healthy
1307632,Stressed
1301909,Healthy
1302414,Stressed
1302410,Stressed
1315318,Healthy
586773,Healthy
1316469,Healthy
1298819,Healthy
1320621,Healthy
1305440,Healthy
1307555,Healthy
696066,Healthy
389026,Stressed
1303517,Healthy
1301920,Healthy
1300884,Healthy
1304849,Healthy
831529,Stressed
1301100,Healthy
1325312,Healthy
1324573,Healthy
752120,Healthy
1304055,Healthy
167714,Healthy
1303757,Healthy
347132,Healthy
1299336,Healthy
1310229,Healthy
638743,Healthy
907892,Healthy
1302575,Stressed
1305800,Healthy
1299258,Healthy
1324490,Healthy
330000,Stressed
447071,Healthy
1312662,Healthy
1303076,Healthy
1302696,Healthy
157865,Healthy
1306734,Healthy
1312631,Healthy
1297414,Healthy
1324920,Healthy
1301085,Healthy
1311006,Healthy
1307272,Healthy
1299047,Healthy
206198,Healthy
1299770,Healthy
793496,Healthy
768438,Healthy
1325253,Healthy
1299367,Healthy
1300005,Healthy
1318196,Healthy
1322149,Healthy
55732,Healthy
1325359,Healthy
1320858,Healthy
1315737,Healthy
388111,Healthy
162053,Healthy
1314973,Healthy
1306284,Healthy
1313746,Healthy
311628,Healthy
1323953,Healthy
818634,Stressed
627765,Healthy
1319468,Healthy
1310163,Healthy
1298910,Healthy
1314013,Healthy
1312934,Healthy
150127,Stressed
1301551,Healthy
818136,Healthy
1305934,Healthy
1324817,Healthy
1319080,Healthy
1306230,Stressed
1299050,Healthy
792819,Healthy
1313138,Healthy
1309400,Healthy
791667,Healthy
1298812,Healthy
945671,Healthy
110441,Healthy
1306938,Healthy
1320681,Healthy
760633,Healthy
1301378,Healthy
1325758,Healthy
509377,Healthy
947841,Healthy
1310145,Healthy
1317270,Healthy
1308713,Healthy
1323719,Healthy
1316728,Healthy
695633,Healthy
1315927,Healthy
454603,Healthy
1318851,Healthy
1303064,Healthy
1305999,Healthy
1317305,Healthy
1314631,Healthy
1302943,Healthy
1312539,Healthy
1297814,Healthy
1308824,Healthy
71007,Healthy
61630,Healthy
1317460,Healthy
1323877,Healthy
394181,Healthy
1326297,Healthy
1323431,Healthy
1303442,Healthy
1319092,Healthy
577994,Healthy
1301050,Stressed
1307056,Healthy
1306071,Healthy
99420,Healthy
1306415,Stressed
1319719,Healthy
1303656,Healthy
1324712,Healthy
1315621,Healthy
1320404,Healthy
1312813,Healthy
1320686,Healthy
298776,Healthy
1310091,Healthy
1323251,Healthy
1312570,Healthy
377930,Healthy
808013,Healthy
1323305,Healthy
1309489,Healthy
248651,Healthy
853755,Diseased
153540,Diseased
798926,Diseased
766119,Diseased
54243,Diseased
495821,Diseased
389942,Diseased
666041,Diseased
672526,Diseased
132307,Healthy
616618,Diseased
31819,Diseased
813898,Diseased
72153,Diseased
575405,Diseased
1308655,Diseased
946334,Diseased
933868,Diseased
535623,Diseased
998705,Diseased
140782,Diseased
995357,Diseased
829873,Diseased
629931,Diseased
551380,Stressed
29662,Diseased
293341,Diseased
774355,Diseased
611755,Diseased
657338,Diseased
794939,Diseased
296143,Diseased
551119,Diseased
916476,Diseased
121860,Diseased
270936,Diseased
1326552,Diseased
